<!--
  ~  Copyright (c) 2024 Alibaba Group Holding Ltd.
  ~
  ~  Licensed under the Apache License, Version 2.0 (the "License");
  ~  you may not use this file except in compliance with the License.
  ~  You may obtain a copy of the License at
  ~
  ~      http://www.apache.org/licenses/LICENSE-2.0
  ~
  ~  Unless required by applicable law or agreed to in writing, software
  ~  distributed under the License is distributed on an "AS IS" BASIS,
  ~  WITHOUT WARRANTIES OR CONDITIONS OF ANY KIND, either express or implied.
  ~  See the License for the specific language governing permissions and
  ~  limitations under the License.
  -->

<!-- NOTE: quickstart configuration, adapt as needed -->
<configuration>
    <appender name="loki" class="com.github.loki4j.logback.Loki4jAppender">
        <batchTimeoutMs>5000</batchTimeoutMs>
        <http>
            <url>http://loki:3100/loki/api/v1/push</url>
        </http>
        <format>
            <label>
                <pattern>app=${APP_NAME},host=${HOSTNAME},level=%level</pattern>
            </label>
            <message>
                <pattern>level=%level app=${APP_NAME} host=${HOSTNAME} thread=%thread - %msg %ex</pattern>
            </message>
        </format>
    </appender>

    <appender name="console" class="ch.qos.logback.core.ConsoleAppender">
        <encoder>
            <pattern>%d{yyyy-MM-dd HH:mm:ss} %-5level %logger{60} %thread - %msg%n</pattern>
        </encoder>
    </appender>

    <logger name="ch.qos.logback" level="WARN"/>
    <root level="info">
        <appender-ref ref="loki"/>
        <appender-ref ref="console"/>
    </root>
</configuration>